company,phone
河南安阳国丰有限公司,18618281215
郑州兴隆高新技术有限公司,13938557871
河南云翔新材料有限公司,13014515670
郑州科沃生物科技有限公司,15670608602
郑州市亨通化工有限公司,15638209019
巩义市弘润环保科技有限公司,18838102800
郑州育才磷酸盐化工厂,15638809736
河南原动力生物肥业有限公司,17724808921
河南天行健农业科技有限公司,15036151523
巩义市纳博万水处理有限公司,15617601509
巩义市惠祥净水材料有限公司,18037503913
河南建杰有限公司,13140110823
河南尊荣环保科技有限公司,15136127211
郑州同鑫化工有限公司,13703827558
郑州奔牛环保科技有限公司,15093274666
巩义市金丰净水材料有限公司,19837140036
郑州一品源实业有限公司,15324880456
郑州美一华化工有限公司,17737311429
巩义市鑫辉化工物资有限公司,13703861889
河南言熙建材有限公司,17719879212
